token_id,time_est,is_auction,price,currency,price_eth,price_usd
95,2022-06-10 03:37:34,False,0.129,eth,0.129,216.96
175,2022-06-03 21:23:35,False,2.2,eth,2.2,3700.14
191,2022-06-07 20:26:28,False,6.9,eth,6.9,11604.97
232,2022-06-03 21:24:28,False,2.3,eth,2.3,3868.32
262,2022-06-04 01:00:26,False,2.0,eth,2.0,3363.76
272,2022-06-05 23:25:53,False,3.0,eth,3.0,5045.64
284,2022-06-10 00:40:42,False,0.175,eth,0.175,294.33
304,2022-06-08 21:07:07,False,0.25,eth,0.25,420.47
308,2022-06-03 21:18:14,False,1.0,eth,1.0,1681.88
416,2022-06-07 22:24:08,False,0.16,eth,0.16,269.1
411,2022-06-04 18:46:15,False,0.23,eth,0.23,386.83
450,2022-06-07 09:35:14,False,0.22,eth,0.22,370.01
458,2022-06-09 13:50:33,False,0.23,eth,0.23,386.83
472,2022-06-04 19:23:40,False,4.72,eth,4.72,7938.47
626,2022-06-03 23:38:38,False,1.0,eth,1.0,1681.88
640,2022-06-10 03:04:01,False,0.16,eth,0.16,269.1
657,2022-06-09 17:05:02,False,0.198,eth,0.198,333.01
674,2022-06-10 12:10:41,False,0.5,eth,0.5,840.94
672,2022-06-04 00:42:02,False,1.0,eth,1.0,1681.88
690,2022-06-05 05:31:27,False,0.25,eth,0.25,420.47
728,2022-06-05 04:21:50,False,1.0,eth,1.0,1681.88
729,2022-06-05 04:20:17,False,0.6,eth,0.6,1009.13
739,2022-06-10 12:40:12,False,0.175,eth,0.175,294.33
755,2022-06-10 03:03:34,False,0.16,eth,0.16,269.1
762,2022-06-08 14:36:15,False,0.19,eth,0.19,319.56
777,2022-06-09 12:38:39,False,0.777,eth,0.777,1306.82
778,2022-06-09 12:36:14,False,0.29,eth,0.29,487.75
775,2022-06-04 18:36:32,False,0.213,eth,0.213,358.24
814,2022-06-07 16:56:05,False,0.18,eth,0.18,302.74
848,2022-06-04 18:23:30,False,0.3,eth,0.3,504.56
873,2022-06-07 09:08:57,False,0.225,eth,0.225,378.42
897,2022-06-10 12:13:27,False,0.149,eth,0.149,250.6
935,2022-06-04 17:14:53,False,0.24,eth,0.24,403.65
947,2022-06-07 17:51:37,False,0.8,eth,0.8,1345.5
943,2022-06-05 09:59:09,False,3.0,eth,3.0,5045.64
961,2022-06-10 09:45:26,False,0.13,eth,0.13,218.64
968,2022-06-10 05:24:38,False,0.14,eth,0.14,235.46
1000,2022-06-08 05:46:09,False,0.154,eth,0.154,259.01
1054,2022-06-10 03:02:37,False,0.16,eth,0.16,269.1
1085,2022-06-10 06:46:47,False,10.0,eth,10.0,16818.8
1084,2022-06-04 22:26:04,False,0.34,eth,0.34,571.84
1105,2022-06-07 17:33:42,False,0.173,eth,0.17300000000000001,290.97
1112,2022-06-08 19:23:56,False,0.187,eth,0.187,314.51
1208,2022-06-04 21:48:41,False,0.2,eth,0.2,336.38
1228,2022-06-10 07:25:26,False,1.5,eth,1.5,2522.82
1225,2022-06-08 16:05:19,False,0.23,eth,0.23,386.83
1247,2022-06-10 07:15:10,False,0.129,eth,0.129,216.96
1255,2022-06-10 12:36:25,False,0.121,eth,0.121,203.51
1256,2022-06-10 12:36:06,False,0.121,eth,0.121,203.51
1251,2022-06-04 21:12:21,False,0.35,eth,0.35,588.66
1261,2022-06-10 00:41:04,False,0.175,eth,0.175,294.33
1276,2022-06-10 10:25:34,False,0.124,eth,0.124,208.55
1275,2022-06-10 07:22:44,False,1.5,eth,1.5,2522.82
1273,2022-06-08 21:01:12,False,0.15,eth,0.15,252.28
1283,2022-06-04 18:01:45,False,0.245,eth,0.245,412.06
1297,2022-06-04 20:09:28,False,4.0,eth,4.0,6727.52
1306,2022-06-09 17:00:10,False,0.154,eth,0.154,259.01
1305,2022-06-09 16:59:46,False,0.154,eth,0.154,259.01
1340,2022-06-10 10:26:44,False,0.124,eth,0.124,208.55
1380,2022-06-10 04:24:12,False,0.18,eth,0.18,302.74
1376,2022-06-05 10:52:07,False,0.99,eth,0.99,1665.06
1381,2022-06-10 04:17:47,False,0.158,eth,0.158,265.74
1399,2022-06-09 10:46:17,False,0.3,eth,0.3,504.56
1416,2022-06-05 17:02:56,False,0.55,eth,0.55,925.03
1428,2022-06-05 07:14:18,False,0.8,eth,0.8,1345.5
1477,2022-06-09 21:07:41,False,0.25,eth,0.25,420.47
1476,2022-06-09 06:49:51,False,0.133,eth,0.133,223.69
1474,2022-06-07 14:36:19,False,0.299,eth,0.299,502.88
1478,2022-06-04 21:12:43,False,0.35,eth,0.35,588.66
1483,2022-06-10 14:59:33,False,0.127,eth,0.127,213.6
1487,2022-06-10 07:26:03,False,1.5,eth,1.5,2522.82
1492,2022-06-09 06:50:28,False,0.135,eth,0.135,227.05
1493,2022-06-09 06:50:12,False,0.134,eth,0.134,225.37
1506,2022-06-08 10:52:47,False,0.14,eth,0.14,235.46
1507,2022-06-05 09:20:36,False,6.9,eth,6.9,11604.97
1539,2022-06-05 09:40:59,False,0.199,eth,0.19899999999999998,334.69
1562,2022-06-08 18:08:21,False,0.16,eth,0.16,269.1
1569,2022-06-05 11:28:37,False,0.197,eth,0.19699999999999998,331.33
1567,2022-06-04 18:28:01,False,0.31,eth,0.31,521.38
1619,2022-06-05 08:52:47,False,0.25,eth,0.25,420.47
1628,2022-06-10 16:57:52,False,1.99,eth,1.99,3346.94
1627,2022-06-10 14:51:41,False,0.187,eth,0.187,314.51
1621,2022-06-10 09:51:32,False,0.125,eth,0.125,210.24
1639,2022-06-04 18:21:29,False,0.375,eth,0.375,630.71
1684,2022-06-09 19:17:54,False,0.189,eth,0.18899999999999997,317.88
1685,2022-06-09 17:10:00,False,0.14,eth,0.14,235.46
1698,2022-06-06 10:19:55,False,0.19,eth,0.19,319.56
1706,2022-06-10 08:32:53,False,0.128,eth,0.128,215.28
1702,2022-06-05 02:09:07,False,1.8,eth,1.8,3027.38
1718,2022-06-10 15:32:34,False,0.189,eth,0.18899999999999997,317.88
1720,2022-06-09 10:45:57,False,0.3,eth,0.3,504.56
1712,2022-06-05 11:31:25,False,1.0,eth,1.0,1681.88
1721,2022-06-10 11:29:48,False,0.124,eth,0.124,208.55
1775,2022-06-10 08:53:22,False,0.13,eth,0.13,218.64
1790,2022-06-04 17:41:03,False,0.249,eth,0.249,418.79
1792,2022-06-08 13:06:35,False,0.149,eth,0.149,250.5
1813,2022-06-08 15:13:13,False,0.199,eth,0.19899999999999998,334.69
1878,2022-06-07 21:18:54,False,0.187,eth,0.187,314.39
1896,2022-06-07 12:28:44,False,69.0,eth,69.0,116049.72
1913,2022-06-04 18:13:56,False,10.0,eth,10.0,16818.8
1952,2022-06-10 08:45:07,False,0.15,eth,0.15,252.28
1953,2022-06-07 20:27:25,False,6.9,eth,6.9,11604.97
1973,2022-06-10 07:24:59,False,1.5,eth,1.5,2522.82
1990,2022-06-09 19:26:23,False,0.197,eth,0.19699999999999998,331.2
2046,2022-06-08 10:06:14,False,0.195,eth,0.195,327.84
2047,2022-06-04 18:34:03,False,0.22,eth,0.22,369.87
2083,2022-06-10 02:17:11,False,0.175,eth,0.175,294.22
2081,2022-06-04 21:33:28,False,0.34,eth,0.34,571.62
2094,2022-06-09 21:29:12,False,0.14,eth,0.14,235.37
2122,2022-06-09 21:30:03,False,0.15,eth,0.15,252.18
2166,2022-06-10 04:24:34,False,0.13,eth,0.13,218.64
2175,2022-06-09 20:22:51,False,0.159,eth,0.159,267.42
2204,2022-06-09 11:08:15,False,0.132,eth,0.132,221.92
2232,2022-06-10 02:16:50,False,0.175,eth,0.175,294.22
2261,2022-06-08 07:27:58,False,0.24,eth,0.24,403.5
2271,2022-06-10 15:55:10,False,1.2,eth,1.2,2017.48
2277,2022-06-10 12:51:43,False,0.13,eth,0.13,218.56
2326,2022-06-09 10:49:07,False,0.175,eth,0.175,294.22
2338,2022-06-10 09:12:13,False,0.135,eth,0.135,226.97
2356,2022-06-10 02:17:06,False,0.175,eth,0.175,294.33
2370,2022-06-10 02:16:44,False,0.175,eth,0.175,294.22
2409,2022-06-10 02:16:38,False,0.175,eth,0.175,294.33
2445,2022-06-10 02:17:00,False,0.175,eth,0.175,294.33
2446,2022-06-05 10:22:21,False,0.365,eth,0.365,613.89
2457,2022-06-04 18:43:47,False,0.25,eth,0.25,420.31
2469,2022-06-10 16:58:13,False,1.99,eth,1.99,3346.94
2465,2022-06-08 03:01:05,False,0.24,eth,0.24,403.65
2478,2022-06-06 08:47:40,False,2.8,eth,2.8,4707.44
2486,2022-06-10 12:12:37,False,0.169,eth,0.16899999999999998,284.13
2499,2022-06-10 07:23:24,False,1.5,eth,1.5,2522.82
2532,2022-06-08 07:30:22,False,0.39,eth,0.39,655.68
2540,2022-06-08 00:16:23,False,0.188,eth,0.188,316.07
2543,2022-06-09 23:39:12,False,0.222,eth,0.222,373.23
2546,2022-06-08 16:05:58,False,0.34,eth,0.34,571.62
2558,2022-06-10 07:24:31,False,1.5,eth,1.5,2521.85
2580,2022-06-05 09:51:56,False,0.3,eth,0.3,504.37
2573,2022-06-05 06:45:48,False,1.55,eth,1.55,2605.91
2604,2022-06-07 05:36:41,False,1.0,eth,1.0,1681.23
2603,2022-06-07 05:36:22,False,1.0,eth,1.0,1681.23
2611,2022-06-08 16:47:24,False,0.5,eth,0.5,840.62
2624,2022-06-07 09:42:22,False,0.195,eth,0.195,327.84
2643,2022-06-10 02:16:32,False,0.175,eth,0.175,294.22
2656,2022-06-10 11:58:03,False,0.145,eth,0.145,243.78
2677,2022-06-10 08:03:12,False,0.19,eth,0.19,319.43
2692,2022-06-10 11:15:55,False,0.175,eth,0.175,294.22
2755,2022-06-07 08:55:29,False,0.25,eth,0.25,420.31
2754,2022-06-05 04:26:13,False,0.26,eth,0.26,437.12
2785,2022-06-10 03:03:06,False,0.16,eth,0.16,269.0
2807,2022-06-05 23:50:21,False,0.195,eth,0.195,327.84
2818,2022-06-09 05:20:34,False,0.139,eth,0.139,233.69
2815,2022-06-04 21:11:49,False,0.4,eth,0.4,672.49
2823,2022-06-04 18:47:59,False,0.39,eth,0.39,655.68
2838,2022-06-04 19:38:22,False,0.27,eth,0.27,453.93
2849,2022-06-10 16:57:31,False,1.99,eth,1.99,3345.65
2856,2022-06-10 08:04:13,False,0.19,eth,0.19,319.43
2875,2022-06-07 10:36:14,False,0.177,eth,0.177,297.58
2883,2022-06-04 18:23:35,False,0.2,eth,0.2,336.25
2882,2022-06-04 18:23:02,False,0.2,eth,0.2,336.25
2891,2022-06-10 15:46:33,False,0.12,eth,0.12,201.75
2900,2022-06-08 08:44:37,False,0.15,eth,0.15,252.18
2910,2022-06-10 03:32:31,False,0.22,eth,0.22,369.87
2921,2022-06-10 10:25:48,False,0.125,eth,0.125,210.15
2935,2022-06-04 18:40:17,False,0.2,eth,0.2,336.25
2934,2022-06-04 18:31:10,False,0.55,eth,0.55,924.68
3019,2022-06-09 22:20:54,False,1.0,eth,1.0,1681.23
3013,2022-06-08 05:45:10,False,0.155,eth,0.155,260.59
3021,2022-06-10 07:23:57,False,1.5,eth,1.5,2521.85
3032,2022-06-08 08:47:13,False,0.666,eth,0.6659999999999999,1119.7
3059,2022-06-04 18:07:09,False,0.45,eth,0.45,756.55
3072,2022-06-04 19:10:05,False,0.28,eth,0.28,470.74
3100,2022-06-10 01:40:44,False,0.155,eth,0.155,260.59
3093,2022-06-04 21:13:10,False,0.35,eth,0.35,588.43
3114,2022-06-07 09:34:29,False,0.3,eth,0.3,504.37
3166,2022-06-10 15:40:41,False,0.4,eth,0.4,672.49
3164,2022-06-05 02:09:04,False,1.7,eth,1.7,2858.09
3198,2022-06-04 17:56:15,False,100.0,eth,100.0,168123.0
3197,2022-06-04 17:54:14,False,100.0,eth,100.0,168123.0
3221,2022-06-10 14:50:29,False,0.15,eth,0.15,252.18
3223,2022-06-10 02:11:41,False,0.135,eth,0.135,226.97
3228,2022-06-07 08:24:33,False,0.285,eth,0.285,479.15
3231,2022-06-08 02:09:10,False,0.19,eth,0.19,319.43
3241,2022-06-05 11:10:35,False,0.29,eth,0.29,487.56
3281,2022-06-09 21:40:36,False,0.17,eth,0.17,285.81
3308,2022-06-10 03:33:34,False,0.3,eth,0.3,504.37
3311,2022-06-08 14:43:24,False,0.14,eth,0.14,235.37
1449,2022-06-10 17:34:29,False,0.118,eth,0.118,197.77
1350,2022-06-10 17:35:40,False,0.109,eth,0.109,182.68
3047,2022-06-10 17:35:34,False,0.11,eth,0.11,184.36
2039,2022-06-10 17:38:17,False,0.1,eth,0.1,167.6
2429,2022-06-10 17:44:36,False,5.0,eth,5.0,8380.0
2869,2022-06-10 17:44:04,False,5.0,eth,5.0,8380.0
2621,2022-06-10 17:48:24,False,0.108,eth,0.108,181.01
375,2022-06-10 17:50:52,False,0.2,eth,0.2,335.2
227,2022-06-10 17:50:11,False,2.5,eth,2.5,4190.0
705,2022-06-10 17:55:57,False,0.109,eth,0.109,182.68
