token_id,time_est,is_auction,price,currency,price_eth,price_usd,name,background,body,eyes,hand,head,mouth,skin,eyewear,face,neck,special features,legendary
2039,2022-06-10 17:38:17,False,0.1,eth,0.1,167.6,Fear City #2039,God Bless America,Blue Vest,Normal,Blue Lightsaber,Pink Mohawk,Joint,Baker,Rocket Man,Eye Black,,,
2621,2022-06-10 17:48:24,False,0.10800000000000001,eth,0.10800000000000001,181.01,Fear City #2621,3D Flag,Black Hoodie,Tentacles,Drill,Yellow Baseball Cap,Idol Sneer,ShadowKai,,Nose Band Aid,,,
705,2022-06-10 17:55:57,False,0.109,eth,0.109,182.68,Fear City #705,Love Flash,Red Football Jersey,,Blue Donut,Yellow Baseball Cap,Joint,Thumper,Rocket Man,Rabbit Head,,,
1350,2022-06-10 17:35:40,False,0.109,eth,0.109,182.68,Fear City #1350,God Bless America,Shadow Snake Armor,Normal Eyes,Bloody Bat,Red Pixie,Joint,ShadowKai,,,,,
3047,2022-06-10 17:35:34,False,0.11,eth,0.11,184.36,Fear City #3047,God Bless America,Black Hoodie,,Knife Down,Blue Pigol Bucket Hat,Joker with Ciggy Holder,Thumper,Goggles with Tentacles,Rabbit Head,,,
1449,2022-06-10 17:34:29,False,0.11800000000000001,eth,0.11800000000000001,197.77,Fear City #1449,Green Flag,Black T,Natural,Colt 45,Farrah,It Lips Smiley,Sophia,,,Choker,,
2891,2022-06-10 15:46:33,False,0.12,eth,0.12,201.75,Fear City #2891,God Bless America,Camo Bomber,Normal Eyes,Coffee,Red Short Mohawk,Natural Lips,ShadowKai,,,,Pigeon,
1256,2022-06-10 12:36:06,False,0.121,eth,0.121,203.51,Fear City #1256,God Bless America,Black GI,Blue Clown,Spray Paint,Blonde Bell Bob,Tiny Teeth and Tongue,Barb,Goth Glasses,,,Pigeon,
1255,2022-06-10 12:36:25,False,0.121,eth,0.121,203.51,Fear City #1255,Subway,Keep Disco Evil Hoodie,Goth Eyes,Parrot,Green Mohawk,Smeared Lipstick,Barb,,,Choker,Pigeon,
1276,2022-06-10 10:25:34,False,0.124,eth,0.124,208.55,Fear City #1276,God Bless America,Blue Vest,Normal,Cash,80s Flat Top,Ciggy Holder,Baker,Matrix Glasses,Nose Ring Diamond,,,
1340,2022-06-10 10:26:44,False,0.124,eth,0.124,208.55,Fear City #1340,Subway,Yellow Roller Disco T,Natural,Spray Paint,Green Mohawk,Joker with Ciggy,Sophia,Black Rectangle Shades Red Lens,,,,
1721,2022-06-10 11:29:48,False,0.124,eth,0.124,208.55,Fear City #1721,God Bless America,DONDA,Normal Eyes,Goat with Ciggy,Red Pigol Bucket Hat,Idol Sneer with Lolly Stick,ShadowKai,,,,Smiley Band Aid,
1621,2022-06-10 09:51:32,False,0.125,eth,0.125,210.24,Fear City #1621,God Bless America,Black Hoodie,,Coffee,Pippi,Ciggy Holder,Thumper,,Rabbit Head,,,
2921,2022-06-10 10:25:48,False,0.125,eth,0.125,210.15,Fear City #2921,God Bless America,Matrix Suit,,Statue of Liberty,Blonde K-Pop ,Joint,Thumper,Rectangle Shades Red Lens,Rabbit Head,,Mouth Bubbles,
1483,2022-06-10 14:59:33,False,0.127,eth,0.127,213.6,Fear City #1483,Blue City,Green Leather Trench,Tentacles,Pills,Cat Burglar,Monster Joint,Thumper,,Rabbit Head,,AK-47,
1706,2022-06-10 08:32:53,False,0.128,eth,0.128,215.28,Fear City #1706,Subway,Pop T,,Gold Ball and Chain,Soul Hat and Blonde Hair,Bubble Gum,Thumper,,Rabbit Head,,,
1247,2022-06-10 07:15:10,False,0.129,eth,0.129,216.96,Fear City #1247,3D Flag,Black Metal TeaTime T,Normal,Syringe,Fez,Idol Sneer,Baker,,,,,
95,2022-06-10 03:37:34,False,0.129,eth,0.129,216.96,Fear City #95,God Bless America,Denim Cut Off and Green T,Normal Eyes,Coffee,Messy Short Black White Mohawk,Joint,ShadowKai,,,,,
2277,2022-06-10 12:51:43,False,0.13,eth,0.13,218.56,Fear City #2277,God Bless America,Plaid Shirt Open,Normal,Cash,Shiba Baseball Cap,Natural Lips,Baker,Ski Goggles,,,,
961,2022-06-10 09:45:26,False,0.13,eth,0.13,218.64,Fear City #961,God Bless America,Half Fur,Strange Gaze,Hot Dog,Blonde Bell Bob,It Lips with Ciggy Holder,Barb,Goth Glasses,Hickies,,,
1775,2022-06-10 08:53:22,False,0.13,eth,0.13,218.64,Fear City #1775,Subway,Bondage Waitress with Shirt,Nurse Eye Patch,Skull and Bubbles,Brown Princess Leia,Smiley,Helen,Green 80s Frame,,,Pigeon with Syringe,
2166,2022-06-10 04:24:34,False,0.13,eth,0.13,218.64,Fear City #2166,Subway,Power Hoodie,Purple Mask,Light Bulb,Brown Princess Leia,Joker with Toothpick,Helen,Green 80s Frame,Nose Band Aid,Choker,,
2204,2022-06-09 11:08:15,False,0.132,eth,0.132,221.92,Fear City #2204,Mutant America,Yellow Roller Disco T,Smokey Punk,Pills,Cat Burglar Mask,It Lips Displaced,Helen,,,Samurai Bling,,
1476,2022-06-09 06:49:51,False,0.133,eth,0.133,223.69,Fear City #1476,Subway,Camo Bomber and Leather Cut-off,Natural,Light Bulb,Pink Mohawk,Lovely Lips,Helen,White 80s Frames,Face Tattoo,,Tentacles,
1493,2022-06-09 06:50:12,False,0.134,eth,0.134,225.37,Fear City #1493,God Bless America,Blue Bomber,Normal Eyes,Rubber Ducky,Green Mohawk,Joint,ShadowKai,,,,,
1492,2022-06-09 06:50:28,False,0.135,eth,0.135,227.05,Fear City #1492,Subway,Green Vest,Normal,Rubber Ducky,Blonde Short Mohawk,Porn Moustache,Baker,Aviators,,,Pigeon,
3223,2022-06-10 02:11:41,False,0.135,eth,0.135,226.97,Fear City #3223,Pink Spotlight,Fur Coat,Natural,Gold Ball and Chain,WAGMI Helmet,,Helen,,Nose Ring Diamond,,Tentacles,
2338,2022-06-10 09:12:13,False,0.135,eth,0.135,226.97,Fear City #2338,Green Flag,Green Leather Trench Coat,Natural,Pills,Crown,Lovely Lips,Sophia,Black Rectangle Shades Red Lens,,Clock Bling,,
2818,2022-06-09 05:20:34,False,0.139,eth,0.139,233.69,Fear City #2818,God Bless America,Yellow Roller Disco T,Natural,Hummingbird,White Bunny Mask with Lasers,Lolly Lips,Sophia,,,Samurai Bling,Pigeon,
2094,2022-06-09 21:29:12,False,0.14,eth,0.14,235.37,Fear City #2094,Blue Magic,Varsity Jacket,Normal,COVID,Yellow Baseball Cap,Natural Lips,Baker,,Nose Band Aid,,,
968,2022-06-10 05:24:38,False,0.14,eth,0.14,235.46,Fear City #968,Green Flag,Leather Cut Off,Normal Eyes,Cash,Green Mask,Natural Lips,ShadowKai,,,Samurai Bling,,
1685,2022-06-09 17:10:00,False,0.14,eth,0.14,235.46,Fear City #1685,God Bless America,NGMI T,Normal Eyes,Hot Dog,Army Helmet,Joker with Ciggy,ShadowKai,,,,Bubbles,
3311,2022-06-08 14:43:24,False,0.14,eth,0.14,235.37,Fear City #3311,God Bless America,Denim Cut Off and Green T,Normal,Rubber Ducky,Luigi Hat,Idol Sneer,Baker,,Nose Band Aid,,,
1506,2022-06-08 10:52:47,False,0.14,eth,0.14,235.46,Fear City #1506,Blue City,Denim Cut Off,,Knife Down,Farrah,Joint,Thumper,Clubmasters,Rabbit Head,Eth Pendant,Ear Pendant,
2656,2022-06-10 11:58:03,False,0.145,eth,0.145,243.78,Fear City #2656,God Bless America,Green Hoodie,Natural,Lilac Cake,Gold Bunny Mask,Ciggy,Sophia,,Nose Ring Diamond,,Gold Hummingbird,
1792,2022-06-08 13:06:35,False,0.149,eth,0.149,250.5,Fear City #1792,Blue Magic,Black Hoodie,,Zippo,Blonde Princess Leia,Ciggy Holder,Thumper,,Rabbit Head,,Pigeon,
897,2022-06-10 12:13:27,False,0.149,eth,0.149,250.6,Fear City #897,Pink Spotlight,Butterfly Knives T,Natural,Pills,Shiba Baseball Cap,Cigar with Smeared Lips,Sophia,,,Samurai Bling,,
2122,2022-06-09 21:30:03,False,0.15,eth,0.15,252.18,Fear City #2122,Love Flash,Free Panther T,Normal Eyes,Red Envelopes,Silver Hero Mask,Natural Lips,ShadowKai,,,,Tentacles,
3221,2022-06-10 14:50:29,False,0.15,eth,0.15,252.18,Fear City #3221,Subway,Camo Bomber and Leather Cut-off,Smokey Punk,Cop Car,Soul Hat Green Hair,It Lips Displaced,Helen,,,,,
1952,2022-06-10 08:45:07,False,0.15,eth,0.15,252.28,Fear City #1952,God Bless America,Blue Bomber,Normal Eyes,Pills,Green Baseball Cap with Blonde Hair,Natural Lips,ShadowKai,Red Clubmasters,Eye Black,,,
1273,2022-06-08 21:01:12,False,0.15,eth,0.15,252.28,Fear City #1273,Subway,Peace Knife Vest,Normal Eyes,Double Lightsaber,Red Biker Helmet with Gold Stripe,Joint,ShadowKai,,,Samurai Bling,,
2900,2022-06-08 08:44:37,False,0.15,eth,0.15,252.18,Fear City #2900,Subway,Leather Cut Off,,Goldfish,Dismal Ears,Joker with Ciggy Holder,Thumper,,Rabbit Head,,Mouth Bubbles,
1000,2022-06-08 05:46:09,False,0.154,eth,0.154,259.01,Fear City #1000,God Bless America,Black T,Natural,Spray Paint,Blonde Mullet,Madonna Mouth,Sophia,,,Choker,,
1306,2022-06-09 17:00:10,False,0.154,eth,0.154,259.01,Fear City #1306,Green Flag,Varsity Jacket,,Hot Dog,Neon Biker Helmet,,Thumper,,Rabbit Head,Basketball Sneakers,,
1305,2022-06-09 16:59:46,False,0.154,eth,0.154,259.01,Fear City #1305,Subway,Camo Bomber,Demon,Rubber Ducky,Wolf Head with Blonde Hair,Natural Lips,Baker,Matrix Glasses,,,,
3013,2022-06-08 05:45:10,False,0.155,eth,0.155,260.59,Fear City #3013,Subway,Camo Bomber and Leather Cut Off,Natural,Spray Paint,Green Mohawk,It Lips Smiley,Sophia,,,,,
3100,2022-06-10 01:40:44,False,0.155,eth,0.155,260.59,Fear City #3100,God Bless America,Denim Cut Off and Green T,Aladdin Sane Flash,Statue of Liberty,Red Supermeme Hat,Porn Moustache,Baker,Red Clubmasters,,,,
1381,2022-06-10 04:17:47,False,0.158,eth,0.158,265.74,Fear City #1381,Subway,Champion T,Empress,Cash,Blonde Bob,Ciggy,Helen,Ski Goggles,Nose Band Aid,,AK-47,
2175,2022-06-09 20:22:51,False,0.159,eth,0.159,267.42,Fear City #2175,God Bless America,Plaid Shirt,Natural,Hot Dog,Cat Ear Headphones,Lolly Lips,Sophia,,,,,
1054,2022-06-10 03:02:37,False,0.16,eth,0.16,269.1,Fear City #1054,Blue City,Black T,Labyrinth Green Shadow,Cash,Brown Princess Leia,Juul,Barb,,,Clock Bling,,
2785,2022-06-10 03:03:06,False,0.16,eth,0.16,269.0,Fear City #2785,Green Flag,INSA Jacket,Clockwork Orange,Red Envelopes,Red Wonky Baseball Cap,Buck Teeth with Ciggy Holder,Helen,Goth Glasses,,Choker,Pigeon with Syringe,
640,2022-06-10 03:04:01,False,0.16,eth,0.16,269.1,Fear City #640,God Bless America,Blue Hoodie,Smokey Punk,Zippo,Red Bob,Joint,Barb,Yellow Glasses Blue Lens,,,Blue Lasers,
416,2022-06-07 22:24:08,False,0.16,eth,0.16,269.1,Fear City #416,Love Flash,Shadow Snake Armor,Normal Eyes,Lilac Cake,Red Wonky Baseball Cap,Joint,ShadowKai,3D Glasses,,,,
1562,2022-06-08 18:08:21,False,0.16,eth,0.16,269.1,Fear City #1562,Static,Plaid Shirt Open,Natural,Goldfish,Silver Bunny Mask,Smiley with Ciggy Holder,Barb,,Hickies,Samurai Bling,Pigeon,
755,2022-06-10 03:03:34,False,0.16,eth,0.16,269.1,Fear City #755,God Bless America,Bondage Waitress with Shirt,Natural,Red Envelopes,Red Pigol Bucket Hat,It Lips,Sophia,Yellow Glasses,Eye Black,,,
2486,2022-06-10 12:12:37,False,0.16899999999999998,eth,0.16899999999999998,284.13,Fear City #2486,Blue City,Red Football Jersey,Normal,Bloody Bat,Cuban Beret,Cigar,Baker,Matrix Glasses,,,,
3281,2022-06-09 21:40:36,False,0.17,eth,0.17,285.81,Fear City #3281,Subway,Green Vest,Normal Eyes,Sakura Samurai Sword,Green Baseball Cap,Goatee,ShadowKai,Matrix Glasses,,,,
1105,2022-06-07 17:33:42,False,0.17300000000000001,eth,0.173,290.97,Fear City #1105,God Bless America,Camo Bomber,Demon,Cop Car,Green Mask,Natural Lips,ShadowKai,,,,,
2083,2022-06-10 02:17:11,False,0.175,eth,0.175,294.22,Fear City #2083,Green Flag,Butterfly Knives T,Natural,Zippo,Cuban Beret,Joint,Sophia,Black Glasses Pink Lens,,Choker,Tentacles,
1261,2022-06-10 00:41:04,False,0.175,eth,0.175,294.33,Fear City #1261,God Bless America,Leather Cut Off,,Syringe,Blue Pigol Bucket Hat,Joker with Ciggy,Thumper,Clubmasters,Rabbit Head,,,
2326,2022-06-09 10:49:07,False,0.175,eth,0.175,294.22,Fear City #2326,God Bless America,Free Panther T,Demon,Hummingbird,Pink Short Mohawk,Joint,Baker,Bitcoins,,,,
2356,2022-06-10 02:17:06,False,0.175,eth,0.175,294.33,Fear City #2356,Pink Spotlight,Bondage Waitress,Natural,Parrot,Gold Pixie,Joker,Helen,,Nose Band Aid,,,
2409,2022-06-10 02:16:38,False,0.175,eth,0.175,294.33,Fear City #2409,God Bless America,Yellow Roller Disco T,Smokey Punk,Knife Up,Pink Short Mohawk,Cigar with Smeared Lipstick,Barb,,Hickies,Choker,,
2445,2022-06-10 02:17:00,False,0.175,eth,0.175,294.33,Fear City #2445,Green Flag,INSA Jacket,Normal Eyes,Zippo,Spikey Blonde Hair,Idol Sneer,ShadowKai,,Nose Band Aid,,,
2643,2022-06-10 02:16:32,False,0.175,eth,0.175,294.22,Fear City #2643,3D Flag,Plaid Shirt Open,Natural,Cash,Warhol,Madonna Mouth,Helen,,,,,
2692,2022-06-10 11:15:55,False,0.175,eth,0.175,294.22,Fear City #2692,Blue City,Leather Cut Off,Cartoon,Spray Paint,Black Biker Helmet with White Stripe,Joker with Ciggy,Helen,,,,,
284,2022-06-10 00:40:42,False,0.175,eth,0.175,294.33,Fear City #284,God Bless America,Butterfly Knives T,Natural,Rubber Ducky,Green Mohawk,Joint,Sophia,Ski Goggles,,Samurai Bling,,
739,2022-06-10 12:40:12,False,0.175,eth,0.175,294.33,Fear City #739,God Bless America,Green Leather Trench Coat,Natural,Syringe,Duo Tone Wig,Joker with Ciggy,Sophia,,Nose BandAid,Choker,,
2232,2022-06-10 02:16:50,False,0.175,eth,0.175,294.22,Fear City #2232,God Bless America,Denim Cut Off and Green T,Normal,Zippo,Blue Pigol Bucket Hat,Idol Sneer,Baker,,Nose Band Aid,,,
2370,2022-06-10 02:16:44,False,0.175,eth,0.175,294.22,Fear City #2370,Subway,Varsity Jacket,Normal Eyes,Colt 45,Black Biker Helmet with White Stripe,Joker with Ciggy,ShadowKai,,,,,
2875,2022-06-07 10:36:14,False,0.177,eth,0.177,297.58,Fear City #2875,Subway,All Art Hoodie,Normal Eyes,Hummingbird,Luigi Hat,Ciggy Holder,ShadowKai,,,,,
1380,2022-06-10 04:24:12,False,0.18,eth,0.18,302.74,Fear City #1380,God Bless America,Leather Cut Off,Tentacles,Spray Paint,Red Supermeme Hat,Joker with Ciggy,ShadowKai,Matrix Glasses,,,,
814,2022-06-07 16:56:05,False,0.18,eth,0.18,302.74,Fear City #814,Subway,Butterfly Knives T,Labyrinth Green Shadow,Spray Paint,Bowler Hat and Rachel Hair,Smeared Lipstick,Barb,,,Choker,,
1627,2022-06-10 14:51:41,False,0.187,eth,0.187,314.51,Fear City #1627,Subway,Free Panther T,Strange Red Alien,Zippo,80s Flat Top,Natural Lips,Baker,Red Clubmasters,,,,
1878,2022-06-07 21:18:54,False,0.187,eth,0.187,314.39,Fear City #1878,Green Flag,Half Fur and Leather,Natural,Light Bulb,Brown Bob,Natural Lips,Sophia,,,,,
1112,2022-06-08 19:23:56,False,0.187,eth,0.187,314.51,Fear City #1112,God Bless America,Varsity Jacket,,Statue of Liberty,Green Mohawk,Buck Teeth,Thumper,,Rabbit Head,,,
2540,2022-06-08 00:16:23,False,0.188,eth,0.188,316.07,Fear City #2540,God Bless America,Denim Cut Off,,Hot Dog,Farrah,Joker with Ciggy,Thumper,,Rabbit Head,,,
1684,2022-06-09 19:17:54,False,0.18899999999999997,eth,0.189,317.88,Fear City #1684,Green Flag,Red Football Jersey,,Nail Bat,Pink Mohawk,Buck Teeth,Thumper,,Rabbit Head,Eth Pendant,,
1718,2022-06-10 15:32:34,False,0.18899999999999997,eth,0.189,317.88,Fear City #1718,Green Flag,Champion T,Smokey Punk,Smiley Grenade,Green Mohawk,Cigar with Smeared Lipstick,Barb,,Gold Nose Ring,,,
762,2022-06-08 14:36:15,False,0.19,eth,0.19,319.56,Fear City #762,Subway,Army Jacket,Normal,Hot Dog,Blue Baseball Cap,Joker with Ciggy,Baker,,,,,
3231,2022-06-08 02:09:10,False,0.19,eth,0.19,319.43,Fear City #3231,Blue City,Plaid Shirt Open,Normal Eyes,Silver Ball and Chain,Spikey Blonde Hair,Idol Sneer,ShadowKai,,,,,
2856,2022-06-10 08:04:13,False,0.19,eth,0.19,319.43,Fear City #2856,3D Flag,Power Hoodie,Natural,Cash,Black Biker Helmet with White Stripe,,Sophia,,Nose BandAid,,Pigeon,
2677,2022-06-10 08:03:12,False,0.19,eth,0.19,319.43,Fear City #2677,Static,Blue Vest,Normal,Light Bulb,Samurai Semi Bun,Ciggy Holder,Baker,Ski Goggles,,,,
1698,2022-06-06 10:19:55,False,0.19,eth,0.19,319.56,Fear City #1698,Static,Denim Cut Off and Green T,Normal,Statue of Liberty,Samurai Semi Bun,Idol Sneer,Baker,,,,,
2046,2022-06-08 10:06:14,False,0.195,eth,0.195,327.84,Fear City #2046,God Bless America,Blue Bomber,Normal,Silver Ball and Chain,Black Biker Helmet with White Stripe,,Baker,,,,,
2807,2022-06-05 23:50:21,False,0.195,eth,0.195,327.84,Fear City #2807,,,,,,,,,,,,Legendary Baker
2624,2022-06-07 09:42:22,False,0.195,eth,0.195,327.84,Fear City #2624,Green Flag,Camo Bomber,Normal,Cop Car,Shiba Baseball Cap,Brown Beard,Baker,,,,,
1569,2022-06-05 11:28:37,False,0.19699999999999998,eth,0.197,331.33,Fear City #1569,Subway,Green International Friendship Vest,,Red Knife,Pippi,Cigar,Thumper,,Rabbit Head,Basketball Sneakers,,
1990,2022-06-09 19:26:23,False,0.19699999999999998,eth,0.197,331.2,Fear City #1990,Pink Spotlight,Camo Bomber,Normal,Statue of Liberty,Red Wonky Baseball Cap,Brown Beard,Baker,,,,,
657,2022-06-09 17:05:02,False,0.198,eth,0.198,333.01,Fear City #657,God Bless America,All Art Hoodie,Normal,Python,Blue Pigol Bucket Hat,Natural Lips,Baker,,Nose Band Aid,,,
1813,2022-06-08 15:13:13,False,0.19899999999999998,eth,0.199,334.69,Fear City #1813,Blue City,Black Hoodie,,Goldfish,Blue Zorro Mask,Joker with Ciggy Holder,Thumper,,Rabbit Head,Basketball Sneakers,,
1539,2022-06-05 09:40:59,False,0.19899999999999998,eth,0.199,334.69,Fear City #1539,Green Flag,Butterfly Knives T,Empress,Goldfish,Cat Ear Headphones Green Hair,Smiley Smeared with Ciggy,Barb,80s Purple Lens,Nose Band Aid,Samurai Bling,,
1208,2022-06-04 21:48:41,False,0.2,eth,0.2,336.38,Fear City #1208,Green Flag,Plaid Shirt Open,Clown,Goat with Ciggy,Red Wonky Baseball Cap,It Lips,Helen,,Nose Ring Diamond,Samurai Bling,,
2882,2022-06-04 18:23:02,False,0.2,eth,0.2,336.25,Fear City #2882,Subway,Bliss Hotel T,Natural,Big Lolly,Bob a Job,Lovely Lips,Sophia,Black Glasses Pink Lens Big Eyes,,Choker,,
2883,2022-06-04 18:23:35,False,0.2,eth,0.2,336.25,Fear City #2883,God Bless America,Green International Friendship Vest,,Hummingbird,Neon Biker Helmet,,Thumper,,Rabbit Head,,,
375,2022-06-10 17:50:52,False,0.2,eth,0.2,335.2,Fear City #375,God Bless America,Free Panther T,Normal,Blue Lightsaber,80s Flat Top,Idol Sneer,Baker,Ski Goggles,,,,
2935,2022-06-04 18:40:17,False,0.2,eth,0.2,336.25,Fear City #2935,Green Flag,Black Hoodie,Normal Eyes,Red Lightsaber,Dark Pink Short Mohawk,Idol Sneer,ShadowKai,,,,,
775,2022-06-04 18:36:32,False,0.213,eth,0.213,358.24,Fear City #775,God Bless America,NGMI T,Normal Eyes,Ice Pick,Black Supermeme Hat,Joint,ShadowKai,Matrix Glasses,Nose Band Aid,,,
2910,2022-06-10 03:32:31,False,0.22,eth,0.22,369.87,Fear City #2910,Green Flag,Red Champion Hoodie,,Goldfish,Gold Bunny Mask with Glasses,Joint,Thumper,,Rabbit Head,,,
450,2022-06-07 09:35:14,False,0.22,eth,0.22,370.01,Fear City #450,Love Flash,Denim Cut Off and Green T,Normal,Drill,Green Mask,Idol Sneer,Baker,,,,,
2047,2022-06-04 18:34:03,False,0.22,eth,0.22,369.87,Fear City #2047,3D Flag,Happy to See You T,Tentacles,Pills,Green Baseball Cap,Idol Sneer,Baker,,,,,
2543,2022-06-09 23:39:12,False,0.222,eth,0.222,373.23,Fear City #2543,Green Flag,Red Champion Hoodie,Natural,Coffee,Rachel,Joint,Sophia,,Stardust Lightning Bolt,,,
873,2022-06-07 09:08:57,False,0.225,eth,0.225,378.42,Fear City #873,God Bless America,Free Panther T,Normal,Parrot,Spikey Blonde Hair,Joint and Smoke,Baker,Ski Goggles,Nose Band Aid,Samurai Bling,,
411,2022-06-04 18:46:15,False,0.23,eth,0.23,386.83,Fear City #411,Subway,Plaid Shirt Open,Normal Eyes,Red Lightsaber,Black Biker Helmet with White Stripe,Joint and Smoke,ShadowKai,,,,,
458,2022-06-09 13:50:33,False,0.23,eth,0.23,386.83,Fear City #458,God Bless America,Red Football Jersey,,Hot Dog,Yellow Baseball Cap,Sexy Lips,Thumper,,Rabbit Head,,,
1225,2022-06-08 16:05:19,False,0.23,eth,0.23,386.83,Fear City #1225,Green Flag,Blue Bomber,Normal Eyes,Cash,Spikey Blonde Hair,Goatee,ShadowKai,,Nose Band Aid,,,
935,2022-06-04 17:14:53,False,0.24,eth,0.24,403.65,Fear City #935,Green Flag,Yellow Roller Disco T,Smokey Punk,Knife Up,Tarti Hat and Green Wig,Smiley Smeared with Ciggy,Barb,White 80s Frames,,Trainers Around Neck,,
2465,2022-06-08 03:01:05,False,0.24,eth,0.24,403.65,Fear City #2465,Blue Magic,Purple Hoodie,Natural,Cash,Neon Biker Helmet,,Sophia,,Face Tattoo,Choker,Pigeon,
2261,2022-06-08 07:27:58,False,0.24,eth,0.24,403.5,Fear City #2261,Green Flag,Plaid Shirt Open,Smokey Punk,Syringe,Brown Princess Leia,Joker,Barb,Black Glasses Surprised,Eye Black,,Nunchakus,
1283,2022-06-04 18:01:45,False,0.245,eth,0.245,412.06,Fear City #1283,God Bless America,NGMI T,Normal,Coffee,Samurai Semi Bun,Brown Beard,Baker,Aviators,,,Smiley Band Aid,
1790,2022-06-04 17:41:03,False,0.249,eth,0.249,418.79,Fear City #1790,Subway,Blue Bomber,Demon,Milk,80s Flat Top,Goatee,ShadowKai,Red Clubmasters,,,,
2457,2022-06-04 18:43:47,False,0.25,eth,0.25,420.31,Fear City #2457,God Bless America,Camo Bomber,Normal,Parrot with Ciggy,Blue Pigol Bucket Hat,Idol Sneer,Baker,Gold Frames,,,,
690,2022-06-05 05:31:27,False,0.25,eth,0.25,420.47,Fear City #690,Static,Champion T,Smokey,Syringe,Tarti Hat and Green Wig,Madonna Mouth,Helen,,Nose Band Aid,,Tentacles,
304,2022-06-08 21:07:07,False,0.25,eth,0.25,420.47,Fear City #304,Blue City,Green Leather Trench,,Oscar,Red Mullet Over,Joker with Ciggy,Thumper,Black Rectangle Shades,Rabbit Head,,,
1619,2022-06-05 08:52:47,False,0.25,eth,0.25,420.47,Fear City #1619,Green Flag,Green Vest,,Cash,Spikey Blonde Hair,Natural Lips,ShadowKai,Bitcoins,,Samurai Bling,,
2755,2022-06-07 08:55:29,False,0.25,eth,0.25,420.31,Fear City #2755,Static,Plaid Shirt Open,Normal,AK-47,Green Baseball Cap,Natural Lips,Baker,,,,,
1477,2022-06-09 21:07:41,False,0.25,eth,0.25,420.47,Fear City #1477,Green Flag,Keep Disco Evil Hoodie,Natural,Silver Ball and Chain,Gold Short Pixie,Penny Pipe,Sophia,Black Rectangle Shades Red Lens,,Choker,,
2754,2022-06-05 04:26:13,False,0.26,eth,0.26,437.12,Fear City #2754,God Bless America,Bliss Hotel T,,Molotov,Blonde Mullet Over,Monster Joint,Thumper,Clubmasters,Rabbit Head,Clock Bling,,
2838,2022-06-04 19:38:22,False,0.27,eth,0.27,453.93,Fear City #2838,Under Water,Champion T,Natural,Zippo,Blonde Bell Bob,Joker with Toothpick,Helen,,Gold Nose Ring,Clock Bling,Pigeon,
3072,2022-06-04 19:10:05,False,0.28,eth,0.28,470.74,Fear City #3072,Subway,Black Metal TeaTime T,Normal,Colt 45,Silver Hero Mask,Goatee,Baker,,,,,
3228,2022-06-07 08:24:33,False,0.285,eth,0.285,479.15,Fear City #3228,Green Flag,Butterfly Knives T,Shock Rock,COVID,Yellow Baseball Cap,Geisha Pierced Lips,Barb,Rocket Man,,Samurai Bling,Tentacles,
3241,2022-06-05 11:10:35,False,0.29,eth,0.29,487.56,Fear City #3241,Subway,Blue Vest,Cyborg,Hummingbird,Spikey Blonde Hair,Natural Lips,ShadowKai,,,Samurai Bling,,
778,2022-06-09 12:36:14,False,0.29,eth,0.29,487.75,Fear City #778,Blue City,Free Panther T,Normal Eyes,Cop Car,Red Supermeme Hat,Brown Beard,ShadowKai,Red Clubmasters,Nose Band Aid,,,
1474,2022-06-07 14:36:19,False,0.299,eth,0.299,502.88,Fear City #1474,God Bless America,Free Panther T,Normal,COVID,Blonde Short Mohawk,Joint,Baker,,Nose Band Aid,,AK-47,
848,2022-06-04 18:23:30,False,0.3,eth,0.3,504.56,Fear City #848,Green Flag,Green Hoodie,Purple Mask,Red Knife,Pink Mohican,Joker,Helen,,Nose Band Aid,Samurai Bling,Hummingbird,
2580,2022-06-05 09:51:56,False,0.3,eth,0.3,504.37,Fear City #2580,God Bless America,Camo Bomber,Normal Eyes,Knife Up,80s Flat Top,Joker with Ciggy,ShadowKai,Red Clubmasters,Face Tattoo,,,
3308,2022-06-10 03:33:34,False,0.3,eth,0.3,504.37,Fear City #3308,Green Flag,Miss American T,Red Light,Goldfish,Soul Hat and Blue Hair,Monster Joint,Thumper,Clubmasters,Rabbit Head,Clock Bling,,
1720,2022-06-09 10:45:57,False,0.3,eth,0.3,504.56,Fear City #1720,Green Flag,NGMI T,Normal Eyes,Red Knife,Dark Pink Short Mohawk,Goatee,ShadowKai,,,,Pigeon,
3114,2022-06-07 09:34:29,False,0.3,eth,0.3,504.37,Fear City #3114,3D Flag,Happy to See You T,Normal,Spray Paint,Tarti Hat with Green Wig,Idol Sneer,Baker,3D Glasses,,,,
1399,2022-06-09 10:46:17,False,0.3,eth,0.3,504.56,Fear City #1399,God Bless America,Fur Coat,Normal Eyes,Milk,Spikey Blonde Hair,Goatee,ShadowKai,,Nose Band Aid,,,
1567,2022-06-04 18:28:01,False,0.31,eth,0.31,521.38,Fear City #1567,Love Flash,Plaid Shirt Open,Purple Mask,AK-47,Green Baseball Hat and Mullet,It Lips Smiley,Helen,White 80s Frames,Nose Band Aid,,,
1084,2022-06-04 22:26:04,False,0.34,eth,0.34,571.84,Fear City #1084,Green Flag,Denim Cut Off and Green T,Normal Eyes,Spray Paint,Red Supermeme Hat,Idol Sneer,ShadowKai,,,,,
2081,2022-06-04 21:33:28,False,0.34,eth,0.34,571.62,Fear City #2081,God Bless America,Green Vest,Cyborg,Zippo,Cowboy Hat,Brown Beard,Baker,Matrix Glasses,,,,
2546,2022-06-08 16:05:58,False,0.34,eth,0.34,571.62,Fear City #2546,God Bless America,Black Hoodie,,Superstar Sneaker,Pink Hat and Pink Wig,Joker with Ciggy,Thumper,Science Goggles,Rabbit Head,,,
1251,2022-06-04 21:12:21,False,0.35,eth,0.35,588.66,Fear City #1251,God Bless America,Plaid Shirt Open,Labyrinth Green Shadow,Rubber Ducky,Yoh Mommas Hair,Ciggy,Barb,80s Purple Lens,,Trainers Around Neck,,
3093,2022-06-04 21:13:10,False,0.35,eth,0.35,588.43,Fear City #3093,God Bless America,Bliss Hotel T,Natural,Syringe,Gold Pixie,Silver Grill and Tongue,Sophia,Green 80s Frame,,,Gold Hummingbird,
1478,2022-06-04 21:12:43,False,0.35,eth,0.35,588.66,Fear City #1478,God Bless America,Plaid Shirt Open,Natural,Hummingbird,Soul Hat and Red Wig,Joint,Sophia,,,Samurai Bling,,
2446,2022-06-05 10:22:21,False,0.365,eth,0.365,613.89,Fear City #2446,Green Flag,Bondage Waitress,Natural,Cop Car,Cuban Beret,It Lips Smiley,Sophia,Green 80s Frame,,Choker,,
1639,2022-06-04 18:21:29,False,0.375,eth,0.375,630.71,Fear City #1639,Subway,Power Hoodie,Purple Mask,Rubber Ducky,Duo Tone Wig,Madonna Mouth Sneer,Helen,Goth Glasses,Nose Band Aid,,,
2823,2022-06-04 18:47:59,False,0.39,eth,0.39,655.68,Fear City #2823,God Bless America,Half Fur and Leather,Natural,Oscar,Brown Elvis,Joker with Toothpick,Barb,,,,,
2532,2022-06-08 07:30:22,False,0.39,eth,0.39,655.68,Fear City #2532,Subway,Denim Cut Off and Pink T,,Rubber Ducky,Blonde K-Pop ,Ciggy Holder,Thumper,,Rabbit Head,,,
3166,2022-06-10 15:40:41,False,0.4,eth,0.4,672.49,Fear City #3166,Blue Magic,Varsity Jacket,Normal Eyes,Pills,Blonde Short Mohawk,Ciggy Holder,ShadowKai,Matrix Glasses,,,,
2815,2022-06-04 21:11:49,False,0.4,eth,0.4,672.49,Fear City #2815,Green Flag,Plaid Shirt,,Knife Down,Bondage Half Mask,,Thumper,,Rabbit Head,,,
3059,2022-06-04 18:07:09,False,0.45,eth,0.45,756.55,Fear City #3059,Subway,Power T,,Knife Up,Bondage Half Mask,,Thumper,Science Goggles,Rabbit Head,,,
2611,2022-06-08 16:47:24,False,0.5,eth,0.5,840.62,Fear City #2611,God Bless America,Happy to See You T,Normal Eyes,Zippo,Indiana Jones Fedora,Idol Sneer,ShadowKai,,Eye Black,,Pigeon,
674,2022-06-10 12:10:41,False,0.5,eth,0.5,840.94,Fear City #674,Static,Green Hoodie,Smokey Punk,Python,Teal Princess Wig,Lolly Lips,Helen,,Nose Ring Diamond,,Blue Lasers,
1416,2022-06-05 17:02:56,False,0.55,eth,0.55,925.03,Fear City #1416,God Bless America,Blue Vest,,Spray Paint,Soul Hat and Blue Hair,Ciggy Holder,Thumper,,Rabbit Head,Samurai Bling,Shotgun,
2934,2022-06-04 18:31:10,False,0.55,eth,0.55,924.68,Fear City #2934,Subway,Denim Cut Off and Green T,Normal Eyes,Oscar,Black Biker Helmet with White Stripe,Natural Lips,ShadowKai,,,,,
729,2022-06-05 04:20:17,False,0.6,eth,0.6,1009.13,Fear City #729,Blue City,Blue Bomber,Normal Eyes,Red Knife,Blue Pigol Bucket Hat,Idol Sneer,ShadowKai,,Nose Band Aid,,,
3032,2022-06-08 08:47:13,False,0.6659999999999999,eth,0.6659999999999999,1119.7,Fear City #3032,Green Flag,Gold Camo Bomber,Normal Eyes,Ice Pick,Green Baseball Cap,Idol Sneer,ShadowKai,Red Clubmasters,,,,
777,2022-06-09 12:38:39,False,0.777,eth,0.777,1306.82,Fear City #777,God Bless America,Black T,Smokey Punk,Cash,Samurai Semi Bun,It Lips Smiley,Barb,80s Purple Lens,,,,
1428,2022-06-05 07:14:18,False,0.8,eth,0.8,1345.5,Fear City #1428,Love Flash,Black Metal TeaTime T,Normal,Hot Dog,Dark Pink Short Mohawk,Ciggy Holder,Baker,Red Clubmasters,Nose Band Aid,,,
947,2022-06-07 17:51:37,False,0.8,eth,0.8,1345.5,Fear City #947,Subway,Green Vest,Normal,Hummingbird,Blonde Short Mohawk,Natural Lips,Baker,,Face Tattoo,,,
1376,2022-06-05 10:52:07,False,0.99,eth,0.99,1665.06,Fear City #1376,God Bless America,Green Vest,Normal,Blue Lightsaber,Android Neon Biker Helmet,,Baker,,,Samurai Bling,,
728,2022-06-05 04:21:50,False,1.0,eth,1.0,1681.88,Fear City #728,Subway,DONDA,Demon,Coffee,Blue Pigol Bucket Hat,Joker with Ciggy,Thumper,,Rabbit Head,,AK-47,
3019,2022-06-09 22:20:54,False,1.0,eth,1.0,1681.23,Fear City #3019,Green Flag,Free Panther T,Normal Eyes,Hummingbird,Green Baseball Cap with Blonde Hair,Bubble Gum,ShadowKai,,,Samurai Bling,,
672,2022-06-04 00:42:02,False,1.0,eth,1.0,1681.88,Fear City #672,3D Flag,DONDA,Natural,Hot Dog,Bob a Job,It Lips Smiley,Helen,,Nose Band Aid,Clock Bling,Tentacles,
308,2022-06-03 21:18:14,False,1.0,eth,1.0,1681.88,Fear City #308,Green Flag,Green Leather Trench,,Statue of Liberty,Green Glasses on Forehead,Sexy Lips,Thumper,,Rabbit Head,,Pigeon,
1712,2022-06-05 11:31:25,False,1.0,eth,1.0,1681.88,Fear City #1712,Subway,Black Hoodie,Normal,Cash,Red Wonky Baseball Cap,Natural Lips,Baker,Ski Goggles,,,,
2603,2022-06-07 05:36:22,False,1.0,eth,1.0,1681.23,Fear City #2603,God Bless America,Black Hoodie,Normal Eyes,Rubber Ducky,Pink Mohican,Idol Sneer,ShadowKai,,,,,
2604,2022-06-07 05:36:41,False,1.0,eth,1.0,1681.23,Fear City #2604,Subway,Denim Cut Off,Normal Eyes,Piranha,Red Short Mohawk,Joint and Smoke,ShadowKai,Red Clubmasters,,,,
626,2022-06-03 23:38:38,False,1.0,eth,1.0,1681.88,Fear City #626,God Bless America,Bondage Waitress,Smokey Punk,Spray Paint,Samurai Full Bun,Ciggy Holder Smeared Lipstick,Barb,,Nose Ring Diamond,,Pigeon,
2271,2022-06-10 15:55:10,False,1.2,eth,1.2,2017.48,Fear City #2271,God Bless America,Yellow Roller Disco T,Natural,Skull and Bubbles,Gold Pixie,Kiss Lips with Ciggy Holder,Sophia,Ski Goggles,,,Tentacles,
1973,2022-06-10 07:24:59,False,1.5,eth,1.5,2522.82,Fear City #1973,Subway,Camo Bomber,Normal Eyes,Coffee,Blonde Short Mohawk,Joker with Ciggy,ShadowKai,Aviators,Nose Band Aid,,,
1275,2022-06-10 07:22:44,False,1.5,eth,1.5,2522.82,Fear City #1275,Subway,NGMI T,Normal,AK-47,Blue Baseball Cap,Joker with Ciggy,Baker,,,,,
1228,2022-06-10 07:25:26,False,1.5,eth,1.5,2522.82,Fear City #1228,Pink Spotlight,Free Panther T,Normal Eyes,Zippo,Black Biker Helmet with White Stripe,Idol Sneer,ShadowKai,,,,,
2558,2022-06-10 07:24:31,False,1.5,eth,1.5,2521.85,Fear City #2558,God Bless America,All Power T,,Knife Down,Black Supermeme Cap and Red Hair,Joker with Ciggy,Thumper,,Rabbit Head,,,
2499,2022-06-10 07:23:24,False,1.5,eth,1.5,2522.82,Fear City #2499,Subway,Army Jacket,Normal Eyes,Bloody Superstar Sneaker,WAGMI Helmet,Goatee,ShadowKai,Red Clubmasters,Nose Band Aid,,Pigeon,
1487,2022-06-10 07:26:03,False,1.5,eth,1.5,2522.82,Fear City #1487,Subway,Leather Cut Off,Normal,Ice Pick,Gold Mickeybot Half Tarnished,Natural Lips,Baker,,,,,
3021,2022-06-10 07:23:57,False,1.5,eth,1.5,2521.85,Fear City #3021,Green Flag,NGMI T,Normal,Ice Pick,Blue Baseball Cap,Natural Lips,Baker,,Eye Black,,,
2573,2022-06-05 06:45:48,False,1.55,eth,1.55,2605.91,Fear City #2573,Blue City,Green International Friendship Vest,Tentacles,Hummingbird,Bondage Half Mask with Glasses,Ciggy Holder,Thumper,,Rabbit Head,,,
3164,2022-06-05 02:09:04,False,1.7,eth,1.7,2858.09,Fear City #3164,God Bless America,Green Hoodie,Natural,Statue of Liberty,Cuban Beret with Red Hair,Natural Lips,Sophia,White 80s Frames,Nose Ring Diamond,Clock Bling,,
1702,2022-06-05 02:09:07,False,1.8,eth,1.8,3027.38,Fear City #1702,God Bless America,Shadow Snake Armor,Normal Eyes,Rubber Ducky,Spikey Blonde Hair,Natural Lips,ShadowKai,,,,,
2469,2022-06-10 16:58:13,False,1.99,eth,1.99,3346.94,Fear City #2469,God Bless America,Denim Cut Off and Green T,Tentacles,Rubber Ducky,Red Pigol Bucket Hat,Idol Sneer,Baker,,,Trainers Around Neck,,
2849,2022-06-10 16:57:31,False,1.99,eth,1.99,3345.65,Fear City #2849,God Bless America,Beat it,Natural,Cop Car,Blonde Mullet,Joker with Grill and Tongue,Sophia,Ski Goggles,,Clock Bling,,
1628,2022-06-10 16:57:52,False,1.99,eth,1.99,3346.94,Fear City #1628,Pink Spotlight,Denim Cut Off,Natural,Light Bulb,Cuban Beret with Red Hair 2,It Lips Fat,Helen,Science Goggles,Gold Nose Ring,,Hummingbird,
262,2022-06-04 01:00:26,False,2.0,eth,2.0,3363.76,Fear City #262,Green Flag,Green International Friendship Vest,,Blue Cake,Bondage Half Mask with Glasses,Silver Grill with Tongue,Thumper,,Rabbit Head,,,
175,2022-06-03 21:23:35,False,2.2,eth,2.2,3700.14,Fear City #175,Subway,Power Hoodie,Natural,Rubber Ducky,Cuban Beret with Red Hair 2,It Lips Smiley,Sophia,White 80s Frames,,,,
232,2022-06-03 21:24:28,False,2.3,eth,2.3,3868.32,Fear City #232,Subway,Power T,Natural,Cash,Pirate Hat and Blonde Wig,Joker with Toothpick,Helen,White 80s Frames,Eye Black,,Jail ID Board,
227,2022-06-10 17:50:11,False,2.5,eth,2.5,4190.0,Fear City #227,Green Flag,SB Logo Hoodie,,Smiley Grenade,Marilyn 1,Joint,Thumper,,Rabbit Head,,,
2478,2022-06-06 08:47:40,False,2.8,eth,2.8,4707.44,Fear City #2478,Love Flash,NGMI T,Normal,Cash,Green Mohawk,Idol Sneer,Baker,,,,,
272,2022-06-05 23:25:53,False,3.0,eth,3.0,5045.64,Fear City #272,God Bless America,White T,Punk Clown,Blue Cake,Gold Pixie,Crystal Monster Teeth,Barb,Black Rectangle Shades,,Clock Bling,Smiley Band Aid,
943,2022-06-05 09:59:09,False,3.0,eth,3.0,5045.64,Fear City #943,Green Flag,Beat It,Strange Red Alien,Statue of Liberty,WAGMI Helmet,,ShadowKai,,Nose Band Aid,,,
1297,2022-06-04 20:09:28,False,4.0,eth,4.0,6727.52,Fear City #1297,God Bless America,Butterfly Knives T,Natural,Violated Pink Cake,Soul Hat and Red Wig,Lovely Lips,Sophia,,,,Tentacles,
472,2022-06-04 19:23:40,False,4.72,eth,4.72,7938.47,Fear City #472,Green Flag,Black Hoodie,,Coffee,Cuban Beret and Red Hair,Ciggy Holder,Thumper,Clubmasters,Rabbit Head,,,
2429,2022-06-10 17:44:36,False,5.0,eth,5.0,8380.0,Fear City #2429,God Bless America,Blue Vest,Normal Eyes,Oscar,Blonde K-Pop ,Natural Lips,ShadowKai,Matrix Glasses,,,,
2869,2022-06-10 17:44:04,False,5.0,eth,5.0,8380.0,Fear City #2869,God Bless America,Champion T,Baseball Pandas,Skull and Bubbles,Brown Princess Leia,Ciggy Holder Smeared Lipstick,Barb,White 80s Frames,,Clock Bling,,
1953,2022-06-07 20:27:25,False,6.9,eth,6.9,11604.97,Fear City #1953,God Bless America,White T,Eye Flames,Red Knife,Farrah,Stitched Lips,Barb,,,Clock Bling,,
191,2022-06-07 20:26:28,False,6.9,eth,6.9,11604.97,Fear City #191,God Bless America,Blue Vest,Demon,COVID,Green Mohawk,Ciggy Holder,ShadowKai,,Nose Band Aid,,,
1507,2022-06-05 09:20:36,False,6.9,eth,6.9,11604.97,Fear City #1507,God Bless America,Denim Cut Off and Pink T,,Goat with Ciggy,Vulcan,Ciggy Holder,Thumper,,Rabbit Head,,,
1913,2022-06-04 18:13:56,False,10.0,eth,10.0,16818.8,Fear City #1913,Green Flag,Leather Jacket,Natural,Hot Dog,Blonde Pippi Braids,Ciggy,Helen,,Nose Band Aid,Choker,,
1085,2022-06-10 06:46:47,False,10.0,eth,10.0,16818.8,Fear City #1085,Subway,Denim Cut Off and Pink T,Red Light,Cash,Bondage Half Mask,,Thumper,Science Goggles,Rabbit Head,Samurai Bling,,
1896,2022-06-07 12:28:44,False,69.0,eth,69.0,116049.72,Fear City #1896,Subway,Varsity Jacket,,Hot Dog,Black Supermeme Cap and Red Hair,Joint,Thumper,,Rabbit Head,Basketball Sneakers,,
3197,2022-06-04 17:54:14,False,100.0,eth,100.0,168123.0,Fear City #3197,Subway,Pop T,,Silver Ball and Chain,Samurai Semi Bun,Ciggy Holder,Thumper,,Rabbit Head,,,
3198,2022-06-04 17:56:15,False,100.0,eth,100.0,168123.0,Fear City #3198,God Bless America,Plaid Shirt,,Lilac Cake,Dismal Ears,Joint,Thumper,,Rabbit Head,,,
